SUB_category,SUM(sales)
Chairs,328449.10300000047
Tables,206965.53200000027
Bookcases,114879.99629999996
Furnishings,91705.16400000002