SUB_category,SUM(sales)
Phones,330007.05400000064
Machines,189238.6309999999
Accessories,167380.3179999999
Copiers,149528.02999999997