SUB_category,SUM(sales)
Storage,223843.60800000024
Binders,203412.73299999995
Appliances,107532.161
Paper,78479.206
Supplies,46673.53800000001
Art,27118.79199999998
Envelopes,16476.401999999995
Labels,12486.311999999996
Fasteners,3024.2800000000016