category,SUM(sales)
Technology,836154.0329999982
Furniture,741999.7952999996
Office Supplies,719047.0320000016