region,SUM(sales)
West,725457.8245000007
East,678781.2400000007
Central,501239.8908000016
South,391721.9049999997