sales_agent_id,SUM(sales)
4,457621.3715000005
31,310876.27100000024
42,170188.0457999996
46,138641.27000000002
37,116480.92199999992
9,89414.52399999996
12,80166.10099999994
34,78258.13600000004
21,76269.61399999993
45,70636.72